Edge,Count
7927,6
8395,2
9191,2
9252,2
9302,2
9304,2
25378,2
12939,1
19325,30
4207,2
31929,19
31943,21
31985,21
32401,20
32724,20
32725,20
32735,19
32762,21
32801,21
32990,1
33073,5
33087,1
33084,1
32177,2
32036,3
32057,3
75895,3
32355,3
32808,2
33003,2
33016,2
33362,2
33532,3
33654,3
33665,3
33768,3
33873,3
33888,3
33889,10
33887,10
33841,8
33711,7
24750,11
24754,12
24891,8
24923,8
24933,8
25101,16
25808,15
25948,10
26226,20
26356,6
11851,4
26048,45
25706,9
25651,9
25546,9
25496,13
25484,13
33313,11
76206,11
33379,11
33392,11
39402,90
39466,88
10503,8
10161,8
10143,3
26195,5
13128,3
32836,15
9337,25
12332,19
12333,12
21797,6
55556,1
7339,28
7379,28
7427,28
7501,19
23637,3
4650,9
32822,10
32795,10
32731,2
75911,2
32530,2
32648,2
32719,2
32750,2
32768,10
75915,10
32880,4
32881,1
20837,26
21484,26
24490,2
24583,2
24621,2
24594,5
24526,1
32642,31
32641,19
26302,40
26303,32
26163,32
26155,32
31724,2
31735,2
31753,2
31756,2
31757,2
31769,2
27095,1
76093,54
15077,4
16105,1
16163,1
75506,3
75502,4
10137,4
10049,5
31056,7
31176,6
31237,6
2873,1
2851,1
2884,1
2889,2
2896,3
2966,2
3675,2
3753,2
4746,2
5304,2
75925,3
16412,121
29531,4
29481,4
29423,1
28588,1
28401,1
28402,1
28268,1
28214,1
28106,1
28057,1
27942,1
27901,1
27675,1
27469,1
27461,1
27436,3
27402,3
27399,3
27373,3
25502,3
25488,22
25356,22
24625,23
24605,23
21050,1
18879,1
75678,1
17901,1
17889,1
17340,1
17258,11
17092,11
9241,2
9242,2
9194,2
9144,2
9083,2
8985,2
8882,2
8853,2
8811,2
8903,2
42690,5
42566,5
44699,5
44890,7
44891,8
44876,6
44325,5
45979,5
6583,5
33853,2
33856,2
33867,4
13261,18
24072,4
24042,4
24091,4
24157,4
24256,4
24808,5
24848,7
24948,7
24982,7
24983,6
25174,6
25175,6
25137,4
24881,5
24525,4
76067,14
76060,6
33808,3
33643,1
33593,1
33578,3
33568,3
33435,3
33404,5
76204,5
33297,5
33255,5
33205,6
33188,6
33162,4
33065,4
32985,4
32998,1
33021,1
33040,1
33076,1
33215,1
33226,1
75929,1
75927,10
32924,9
32740,9
25377,2
32244,2
32305,2
26536,1
3647,2
75939,12
33678,12
33720,18
33747,18
33780,12
33895,10
59208,4
53699,4
53585,1
76062,1
54066,1
76065,1
54216,1
54249,1
76063,1
53279,1
52316,2
10718,2
32069,3
36210,1
36008,1
35823,1
1532,1
1291,1
1250,1
1103,1
1095,1
1161,1
1162,12
1132,12
1135,12
1542,12
1551,12
2241,12
30052,3
30051,14
10797,1
10750,7
10714,8
26653,12
26897,6
26964,7
26935,7
26830,6
26811,7
26882,13
27054,6
27063,26
27134,26
27229,20
27396,20
27495,12
27560,12
27587,10
27718,10
27787,10
27899,8
28572,6
28763,6
28884,6
28885,6
28961,6
28989,6
25153,9
25403,9
25938,8
26092,4
26198,7
26201,7
26224,7
26272,6
26273,6
26274,4
26255,4
26112,4
23228,4
23252,4
23244,4
23327,6
23408,4
23409,2
23361,2
23318,2
23270,2
23227,2
23174,2
23104,2
23027,2
22970,2
22881,2
22806,2
22736,2
22639,2
22739,2
23978,2
23981,3
71003,3
71656,3
71696,2
71862,2
71915,2
71918,2
71885,2
71760,2
72060,2
72759,2
76140,2
72815,2
2319,3
2497,3
2622,3
2700,3
2706,3
2737,4
2775,4
2872,4
2915,4
34218,4
34214,4
34249,1
34250,4
34264,2
53493,3
53411,7
53189,7
76053,7
52261,5
34616,18
9820,1
9835,1
9890,1
9979,1
9997,1
10034,1
10091,1
10566,1
10602,2
10642,10
10672,10
10712,10
10800,10
10958,10
10986,10
11058,10
11066,10
20153,2
20303,2
76201,1
17003,3
17002,10
17123,10
7993,19
7974,19
7978,19
8113,19
8260,19
8428,19
8543,19
8605,19
21443,1
7851,25
7979,36
7852,18
6584,19
6139,19
5951,19
5938,19
5209,18
5191,18
4655,18
4408,18
4367,18
4224,18
4239,5
5015,5
5127,5
5262,5
5295,5
10409,1
10408,8
26972,3
26973,3
26971,3
75653,2
17675,1
75661,1
25135,8
25201,8
25216,8
25217,8
25215,8
25193,8
35470,21
35469,21
4192,14
4182,14
4143,16
13897,31
13946,18
14703,16
75558,16
15069,16
75567,16
15597,16
15804,18
16072,13
6865,6
28533,3
28324,5
16463,2
16473,3
16714,2
16725,2
16726,2
7653,9
7713,9
26315,8
26246,7
26199,7
25939,4
25709,3
25712,4
25796,4
25825,4
26142,4
26213,4
26261,4
26318,4
26371,4
26419,5
26474,4
26588,10
26982,4
26618,2
26590,2
26612,2
26617,4
29768,9
31520,2
17839,11
17838,3
17864,1
17887,8
17893,8
17886,8
17845,10
17922,8
17928,9
17894,4
17853,4
17846,4
15793,3
16033,3
13864,19
13912,15
13952,6
14279,6
14510,6
14828,6
15418,6
16750,6
16779,6
16921,4
13151,1
13176,1
13270,1
26640,1
26639,5
26472,5
26451,5
26452,5
26425,6
26187,2
25857,2
25696,1
24807,1
24789,1
24845,1
24929,1
24935,1
25512,1
25531,1
25532,2
25506,2
25323,2
25132,2
24649,2
24366,2
23604,2
18420,2
18329,2
12975,6
25705,12
32633,6
32311,4
32792,4
32973,5
32988,5
33209,5
33256,5
33283,5
75628,8
75624,17
15152,9
15031,9
14170,4
76179,4
13576,4
12941,4
12795,6
12427,6
12365,6
13071,6
13932,5
68069,1
68068,1
68079,1
68081,1
68063,1
68038,1
68007,1
68033,1
68065,2
74965,3
74961,2
12912,13
13353,13
13473,13
33068,18
33100,18
33112,18
33122,18
33239,18
33699,18
33708,18
33767,18
23571,2
23331,2
6134,3
5543,3
5442,3
16920,105
16599,104
63876,1
75472,3
7929,3
7882,3
7875,3
17181,2
17205,3
17206,2
17195,2
17172,2
1490,9
1553,9
1655,9
1684,9
1385,11
1294,11
1293,11
16294,42
1817,4
1818,7
1606,14
54221,1
54285,1
27050,25
26870,25
26815,32
75798,34
31370,1
31384,6
32692,2
33476,2
33746,6
33740,6
68067,1
67738,2
67750,1
67751,2
67741,2
24521,6
12274,1
33179,6
33167,6
31991,9
32026,9
32053,1
32210,1
28773,1
28774,2
28766,2
28759,1
28591,1
31121,3
30984,2
30992,1
34210,50
34192,24
34184,28
34146,25
34153,25
34255,25
34284,31
34296,30
34340,30
34477,14
75966,17
34610,23
32139,2
32150,9
12502,2
12836,2
13035,4
40296,1
40297,1
39163,1
36232,1
36050,1
33624,3
33649,3
33656,3
33691,3
33710,3
33823,3
76216,3
34009,3
19338,9
19336,9
18359,10
2894,1
28579,3
28589,3
29133,8
29188,8
29211,5
29230,6
29231,6
29176,3
28750,3
28709,3
28696,8
28739,7
29130,5
47550,6
47744,6
47858,6
47881,6
48055,6
47964,6
48676,6
68066,3
76120,3
3451,5
2778,1
2132,3
2133,3
1993,3
1936,3
23993,8
23965,8
23947,8
23963,8
24005,16
24076,15
24616,14
14169,5
30458,16
30542,9
23549,1
24079,1
24766,1
11333,4
11360,1
11384,1
11386,1
11904,1
7355,9
7275,10
7239,14
31331,7
31546,10
31916,10
32205,9
32636,9
32679,10
32689,10
32749,8
32846,8
32732,5
32727,5
32699,5
32694,1
32794,1
32861,1
32918,4
33070,1
33417,2
33460,1
33517,1
33603,10
33626,15
33866,15
3784,4
4034,4
4357,4
4529,4
4784,4
4783,4
4708,4
4893,4
5069,4
5252,4
5267,4
5303,4
5653,4
76157,4
76161,4
29425,2
3719,2
3527,2
3360,1
3093,1
76188,10
30916,8
16624,11
11478,1
11260,1
11299,4
11300,4
11152,4
10895,4
10793,4
10706,4
10914,4
10997,4
12086,4
12752,4
12812,4
12865,4
13444,4
13731,4
21201,1
21408,1
21567,2
21651,1
21711,1
21917,1
22216,1
29208,1
29385,3
30336,3
30352,3
30562,3
30886,3
75937,8
21905,1
1871,3
2595,5
2693,3
2907,3
3249,3
3589,3
3764,3
10294,5
10289,5
56312,1
56385,1
56474,1
56562,1
56660,1
56772,1
56871,1
56981,1
26475,6
10843,1
10849,1
16891,18
16968,18
17038,18
17037,18
17009,18
31548,21
31534,20
31498,20
31492,20
31098,20
13063,1
2097,4
2095,3
2092,1
1607,3
1534,3
1428,3
1424,3
1270,5
76153,5
1252,5
1271,4
1312,3
1315,3
1274,3
1219,3
1149,3
1048,3
758,3
27571,5
27136,3
26804,2
14782,11
18813,20
22214,6
34608,9
52790,1
52791,1
31623,1
31630,1
31754,4
31898,4
25997,8
26248,8
26950,9
27585,9
75818,15
16735,10
16757,11
17276,11
17558,18
18107,11
30489,7
30524,3
30556,1
30555,1
30490,5
30460,1
30408,5
24718,14
25167,13
24757,13
24691,14
24133,16
13913,11
32319,2
32336,2
33014,1
23732,11
23776,13
23893,16
23900,16
23902,16
23827,16
23832,14
23835,17
24145,14
24532,6
75489,2
8971,2
8950,2
75478,2
8994,19
22801,18
31062,1
30745,1
30718,1
30633,1
30006,1
29968,1
29950,1
29906,2
29635,2
29198,2
29160,1
29117,1
28918,1
28851,1
30001,10
30939,5
28153,2
25962,1
25794,1
12190,25
12199,25
12209,22
67129,3
66692,3
66116,3
76104,3
65535,3
65265,3
8425,9
8473,9
8519,9
35654,10
35655,2
35617,2
35615,2
35607,2
35605,2
35623,2
36024,2
36157,2
36345,2
36433,2
36517,2
36516,2
36514,2
36364,2
36276,2
35933,2
35821,2
35765,2
36081,2
36272,2
36908,2
39170,5
40071,5
41037,5
31986,4
24769,10
23788,12
23772,12
23770,9
31020,1
31021,2
30827,3
30658,3
30584,3
30428,3
30208,3
30042,4
30007,4
29991,4
29983,4
29876,2
29856,2
34134,10
34139,6
34190,6
34193,6
34194,5
34172,5
6124,4
5860,3
5161,3
5116,3
5049,3
4863,3
4756,3
4571,1
4595,1
4649,1
4626,5
4028,1
4221,2
3958,1
3879,1
3830,1
3758,1
75441,1
3734,1
3270,1
3099,1
3030,1
2951,1
32922,5
75933,5
33429,5
33447,6
33558,4
33610,4
33646,4
76210,4
5538,2
30803,7
30652,7
30559,4
30417,4
30284,5
30192,5
30110,3
29953,3
29887,3
29815,4
29809,3
29797,3
29745,3
29698,2
29646,2
29637,2
29619,2
21051,22
18987,34
52206,4
50719,3
43098,4
42836,4
41791,4
41604,2
41068,2
40761,1
35509,1
35315,1
35263,1
34185,7
34174,7
34147,7
33686,6
76211,6
33648,6
33623,8
33500,15
75938,11
33453,15
33424,6
33282,5
575,5
10955,1
10971,1
11421,1
11521,1
11542,1
11660,1
13111,1
13208,1
13255,1
14111,1
14139,1
14174,1
14195,1
14310,1
14317,1
1956,2
1865,2
1867,2
1859,2
1854,2
38714,1
3972,3
4101,3
4102,2
4091,1
2935,1
2904,1
2886,1
28464,3
28801,3
28824,3
28846,3
28868,3
28854,3
29002,3
29068,3
29122,8
29235,1
29387,1
29482,1
29596,1
29840,1
29913,1
29922,1
29978,1
30033,1
8747,1
8713,1
16992,1
26206,1
26237,1
26242,2
26312,2
26511,2
26641,2
26654,5
26233,7
26234,8
26197,7
26152,3
26131,6
56611,5
60092,5
76076,5
60335,5
60351,5
60629,5
28640,13
28661,13
30072,4
49585,7
50227,7
50404,7
50617,7
50682,7
50712,7
51080,7
51081,7
51140,7
7564,7
7237,3
7580,5
25165,1
16133,2
16006,1
15957,1
15924,1
15873,1
76074,1
59904,1
27835,5
27875,6
27438,8
27463,8
27473,8
27485,8
27499,8
27505,8
27503,11
27468,11
27432,11
27372,11
14074,2
14094,2
14167,2
14187,2
14230,2
14262,4
14229,2
13830,2
31105,3
28682,6
28692,6
29444,3
29574,3
29695,4
29769,4
2409,2
2402,2
2308,2
33312,8
33371,8
33397,8
33398,8
24685,10
24758,10
24802,8
24854,8
24877,8
27195,2
15056,18
20058,2
20247,2
20277,2
20278,2
20315,2
20356,2
20357,2
20940,2
20957,4
21677,3
13134,1
13135,1
13132,1
13026,1
12839,1
12786,1
12326,1
11848,1
11742,1
11350,1
10936,1
10378,1
5574,6
5376,7
5313,7
4957,7
4943,6
4740,6
4279,6
2360,6
28809,6
28779,4
16623,7
15537,24
22758,2
21377,2
20828,2
20730,2
1917,5
1885,3
1931,3
16077,4
1472,6
7441,9
26230,10
26227,9
27849,2
27850,3
27672,3
27542,3
30643,2
30657,2
30847,2
31108,2
31277,2
31410,2
31430,2
31684,4
26210,4
3806,2
3359,1
3599,2
3612,2
3841,2
4152,2
4172,2
4191,1
4796,3
26760,8
26854,7
26666,7
75796,7
26693,7
26938,7
27290,7
27387,31
75862,4
30037,12
36438,19
75975,19
35174,19
35110,21
35109,2
75967,2
33908,2
21586,1
21872,1
21873,1
21871,1
21844,1
22064,1
21086,11
20490,11
19928,10
18246,10
17629,10
17455,10
75646,10
17117,10
17255,10
17326,12
43521,8
45167,2
45197,2
45196,2
45180,2
45144,2
45081,2
44911,2
44641,2
34310,11
29654,1
29907,1
29999,1
30124,1
30271,2
30374,1
30558,1
32060,2
7637,1
31113,1
31114,3
30825,1
30807,1
30826,1
29877,1
29824,1
29764,1
29634,1
29601,1
32962,6
75919,6
33064,6
12415,1
12830,1
12829,3
12628,3
12370,3
12128,3
11987,3
15754,3
13064,1
13106,1
13140,1
13150,1
13169,1
13168,1
13070,1
12862,1
68043,1
68057,1
68071,1
68092,1
68103,1
68108,1
68128,1
68140,1
68147,1
68146,1
31988,8
31257,8
31259,8
31199,8
31226,7
34289,2
33628,2
33415,2
33186,8
62701,1
62719,1
63198,1
14014,3
14396,3
14438,3
14456,3
34212,3
23176,25
23192,25
23775,25
24288,15
24304,15
24322,15
24706,15
25044,15
25238,10
25252,10
25540,10
25549,10
21373,8
20391,14
32452,2
32476,2
29132,4
20767,1
11791,15
11757,15
11723,15
11743,17
11758,17
11763,17
11783,17
11799,17
11818,17
11827,17
11839,17
11862,17
11890,17
11906,17
11922,17
11927,17
12235,22
12340,22
12437,25
38071,4
38101,4
38254,4
38568,4
38569,2
38544,2
37746,1
37651,1
36605,1
36398,1
75979,1
35934,1
35891,1
35872,1
36103,1
36102,1
35848,1
34866,1
34665,1
34613,1
76220,1
34907,1
34949,1
35444,1
35533,1
35532,1
35443,1
34978,1
34708,1
75963,1
34144,1
33912,1
33671,1
33661,1
16618,2
16040,2
16035,2
16038,2
16062,2
16165,2
36800,2
75103,1
76238,1
75100,1
13458,4
14023,4
14248,4
14312,4
14635,4
30873,5
30887,5
30917,5
30903,5
30819,5
30725,5
30670,5
34620,2
34248,3
34251,2
34215,2
34171,2
34099,3
34051,3
34013,3
76217,3
33822,3
33712,3
33694,3
33688,2
75949,1
75467,1
5294,1
5271,1
5238,1
5076,1
5044,1
5052,1
5106,1
5152,1
5210,1
5264,1
5326,1
5372,1
5420,1
5494,1
5583,1
5600,1
5828,1
5929,1
5930,1
6402,1
6488,1
6497,1
6522,1
26649,2
27004,2
30341,1
30404,1
30427,7
19927,2
20325,2
20638,2
21081,2
23294,2
23473,7
15043,1
25508,1
25641,4
25680,3
31979,1
31980,8
27635,1
27581,1
27668,1
27847,1
27860,1
28073,1
28099,1
28143,1
32377,3
2003,7
1642,1
1824,1
1855,1
1866,1
3214,1
3258,1
3347,1
4006,1
4027,1
33236,2
33235,2
31290,1
31801,1
34445,3
34554,9
34584,9
34604,8
34830,8
35170,8
35236,8
35253,6
35254,3
35226,1
35237,2
35305,4
30485,1
30561,1
30644,1
30808,1
30993,1
31122,1
31240,1
31239,1
31202,3
31140,2
31141,3
67817,1
67892,1
68110,1
68118,1
68119,2
67766,1
67777,1
13685,1
13657,1
13660,1
13718,1
14915,1
15753,1
26014,6
24378,7
23299,7
11249,8
11121,5
11514,3
11496,3
11466,7
11618,5
11717,5
11928,5
33225,2
33247,2
33792,2
3153,7
27682,4
26977,4
26461,4
26007,4
25882,4
32376,8
34776,1
34674,1
34578,1
34732,1
34865,1
34900,3
34918,5
34919,7
75974,7
34720,7
34401,6
34444,6
35227,2
35141,2
34659,2
34461,2
34361,2
34323,2
33938,2
33939,3
33936,3
33919,2
33677,2
33652,2
27900,1
27851,1
38320,2
39881,2
40413,1
48470,2
17377,1
17378,1
17381,6
17390,7
17408,5
17404,1
2242,1
53468,1
53416,1
54016,1
54283,1
54369,1
5878,1
30461,4
30363,4
30298,4
30168,4
29895,4
29837,4
28437,4
28018,4
27922,4
27903,1
27801,1
27713,1
27015,1
75803,1
26790,1
26720,1
27902,3
27887,3
27874,3
68577,3
68524,3
68489,3
68516,3
68565,3
68605,3
76234,2
69069,2
68576,2
27135,4
26711,4
26186,4
26115,4
26052,4
25894,4
25803,4
25801,4
25516,4
63462,10
9417,10
9114,10
8937,10
24084,11
24114,11
24189,11
24241,11
24284,11
24331,11
24382,11
24420,11
24450,11
24480,11
24530,11
24572,11
24609,11
24631,11
24663,11
24694,11
24736,11
24950,11
25066,11
25202,11
25212,11
25373,11
25391,11
25507,11
25666,11
25685,11
25841,11
26040,11
27,1
9042,3
9019,2
9030,2
9556,2
9587,2
10136,4
10219,4
10220,2
10277,2
31859,6
6739,1
6484,1
6426,1
6595,1
6902,1
7215,1
1814,10
1916,14
1935,14
28841,4
13073,1
13007,16
28122,8
24934,5
24878,4
8295,5
75973,2
34901,2
36425,3
36503,3
36523,4
37411,4
40412,3
43377,3
43623,3
76009,3
43783,3
34282,29
35127,29
35175,29
75976,29
36439,29
37033,27
75987,27
9856,3
10524,1
10767,1
28599,3
28616,3
28703,3
28760,3
28819,3
29418,3
33075,1
33317,1
33383,1
29853,1
29996,1
30083,1
30204,1
30317,1
30415,1
30473,1
30659,1
30727,1
30864,1
31332,3
31917,13
75890,5
31924,7
31850,7
31821,5
31837,5
31841,5
31845,5
31853,6
15107,4
75565,4
15395,4
15265,2
14931,2
28879,1
28896,2
29781,2
30092,2
30196,2
30401,2
30448,2
30678,4
30706,3
30766,3
30816,2
32330,5
10906,7
10960,7
10961,7
10756,7
10638,11
64896,5
64821,5
64967,5
65137,5
65138,5
65077,5
65213,5
65500,5
65793,5
66044,5
66045,5
65309,5
64528,5
64505,5
64224,5
64026,5
63922,5
63912,5
63719,5
63685,5
63670,5
63647,5
63620,5
63569,5
63513,5
63493,5
23512,1
23753,4
23513,3
23431,2
23538,1
23640,1
24162,1
24316,1
24317,2
24217,2
24174,1
23612,1
23514,1
52057,1
52234,1
52233,2
52081,2
51040,2
50996,2
76043,2
75640,2
16986,2
75645,2
17059,2
17058,1
16751,1
25614,19
18961,10
18593,10
18467,2
17951,2
17883,2
4704,2
4829,2
4554,2
4490,2
57588,5
57567,5
57023,5
56971,5
56115,5
32607,2
32045,8
32979,2
32977,4
32837,4
32838,3
32830,3
30224,1
30280,1
30509,1
30655,1
30654,1
30782,1
30781,1
30777,1
30765,2
30717,2
27984,2
27985,2
27991,2
27995,2
28003,2
30860,5
31232,5
31248,5
49913,3
76036,3
49065,3
18468,8
18281,8
18283,8
18280,7
18235,7
18086,7
18083,7
18051,7
18018,7
17900,9
17926,9
17969,9
17968,9
17930,9
17890,7
21203,10
21202,10
34142,6
634,1
27137,6
27070,6
33722,5
33717,5
33704,5
33702,5
33662,5
33650,5
15803,9
15759,9
15738,9
15702,9
15660,9
25045,5
19918,2
19845,2
19705,2
19702,2
74894,6
74919,6
74959,6
74975,6
74981,6
74995,6
75029,6
75094,6
75123,6
75131,6
75130,6
75134,6
75133,6
31925,2
31912,5
6370,4
22548,2
23378,2
23515,6
23579,5
34003,3
69157,1
68904,1
68522,1
68151,1
68088,1
9179,1
9180,1
75749,10
75739,10
22874,10
22149,10
20850,10
50049,5
51087,1
32428,3
28130,8
29005,3
29006,2
19173,4
19180,4
19135,1
19108,1
19023,1
18752,1
18642,1
18552,1
28477,4
2195,6
27794,2
27904,2
27916,2
27921,2
27956,2
28008,2
28378,2
33174,6
33185,6
33202,6
33147,9
33260,10
33273,10
33272,9
33319,10
33355,10
33385,10
33402,10
33468,10
33516,9
38232,3
37855,3
37722,3
37344,3
37125,3
36997,3
42723,4
43581,6
44477,6
76014,6
44779,6
27181,2
27315,2
27439,1
27589,1
23719,13
23739,13
24315,13
24395,13
33591,1
23833,3
23836,1
17593,7
17615,7
75655,7
17665,7
17756,7
17931,7
18480,8
18491,8
18499,8
18505,8
35663,2
34453,2
33794,2
33730,2
33539,2
33521,2
33494,2
76200,3
33107,3
26855,3
26856,3
26750,3
226,6
227,6
228,6
232,6
233,6
26236,1
28332,1
19726,1
20428,1
20995,1
21116,4
21884,5
22074,4
22704,4
23507,4
23540,4
23565,5
76187,12
28101,12
76061,6
53513,6
53410,2
53402,2
54726,2
55243,2
22617,9
20603,9
19457,9
19485,9
19500,9
19501,10
19472,10
18815,10
18477,8
19300,8
18877,11
26447,1
26363,1
26245,1
26211,1
26181,1
26223,1
26228,1
29770,2
29532,2
9282,1
10321,2
31118,2
12327,1
43239,1
21130,3
21174,3
21431,3
21432,3
21395,3
32287,6
10381,6
14297,13
14298,13
14220,13
8136,2
8117,2
29514,1
29459,1
29405,1
29379,1
29301,1
29243,1
29221,1
29140,1
29084,1
29039,1
29026,1
28992,1
28971,1
28933,1
28922,1
28898,1
28904,1
28908,1
28895,1
28644,1
28605,1
28597,1
28596,1
28584,1
28517,1
28210,1
28165,1
28035,1
27753,1
27375,1
75804,1
75797,3
75779,3
11714,4
11713,4
11719,4
12227,4
17403,4
17394,4
17337,4
7494,5
7349,6
7108,5
6961,3
75452,3
26218,1
11061,15
11605,15
11736,15
12134,15
12268,15
12402,15
12482,15
12517,15
12768,15
12842,15
61160,2
17476,1
17274,1
17264,1
17613,1
17628,2
17627,2
17612,1
17231,1
17199,1
17143,1
17113,1
17090,1
17095,1
17094,1
16776,1
16716,1
16691,1
16616,1
16273,1
35265,18
35267,18
31138,1
31159,1
31349,1
31227,1
26657,1
27014,1
28025,1
28478,1
35618,4
35340,4
35077,4
34878,4
34729,4
34508,4
34467,4
34452,4
34439,4
28198,1
28246,1
28274,1
28314,1
28319,1
28886,1
75831,1
28968,1
29795,1
29800,1
29798,1
29765,1
29686,1
29539,1
29564,1
75845,1
30071,1
36108,4
36995,3
75984,3
37555,3
38056,3
38297,3
46188,2
46240,2
36407,1
75982,1
36244,1
35333,1
69408,1
69706,1
69707,1
70984,1
31590,2
31655,2
31765,2
31930,2
34525,29
75537,5
22533,1
22608,1
22730,1
22795,1
22888,1
37008,1
34714,1
34312,1
9079,2
32736,7
32730,10
32722,10
32415,10
32138,5
31542,6
31424,5
31412,6
31301,6
48150,1
29603,3
29945,3
29944,3
13110,1
13067,1
12909,1
12300,1
16183,3
16151,3
16131,3
16162,3
17270,3
17271,1
17128,1
17014,1
16928,1
17550,1
17560,1
17561,2
17554,2
17036,2
75644,2
16942,2
16903,2
16580,2
16590,1
17180,1
17844,1
17898,1
17918,1
18150,1
18210,1
18790,1
18817,1
19819,2
21115,1
22024,1
22164,1
22165,1
22134,1
76013,1
44368,1
76223,1
43323,1
42703,1
17263,2
17025,1
13437,3
13449,1
13548,1
27066,1
27085,1
27098,1
27097,1
27215,1
28708,1
28783,1
19815,10
20124,1
75698,1
20448,1
20684,1
20635,1
20664,1
21907,1
22385,1
23376,1
23397,1
23941,1
24229,1
21862,3
21883,3
21852,3
22001,3
22085,3
48869,17
15909,4
47002,1
46536,1
46014,1
45461,1
45370,1
45354,1
45313,1
45291,1
46062,1
46551,1
47282,1
47379,1
47531,1
47718,1
47717,1
47481,1
47267,2
38686,1
40072,1
40092,1
40914,1
40955,1
41556,1
41659,1
42307,1
42484,1
42507,1
42532,1
42832,1
43561,1
43678,1
44210,1
29799,2
29820,2
29893,1
30422,1
32055,2
10352,7
10364,7
10545,7
10622,7
10744,13
10754,12
10827,12
10985,12
25433,6
25401,7
25368,7
25314,7
24813,7
24786,5
24761,4
24783,7
25360,4
25374,4
76184,6
76185,6
16167,5
75591,5
15791,5
71468,1
71465,1
71645,1
71951,1
72029,1
72051,1
28107,6
42671,6
42725,6
42893,6
42922,6
43955,8
33423,7
75934,7
32151,7
31892,7
31668,9
31431,7
31249,4
10382,2
24880,1
24821,2
24768,1
23852,1
23888,1
23889,2
25060,1
26022,1
26054,1
26089,1
26166,1
26360,3
26496,1
52960,1
52804,1
52634,1
52497,1
52352,1
51549,1
51308,1
53029,1
58895,1
58918,1
59017,1
59153,1
59201,1
59307,1
59474,1
59851,1
59994,1
60584,1
21648,1
22376,1
22507,1
22636,1
22652,1
3553,1
21550,4
21599,2
15602,3
15598,3
24752,3
24785,3
19019,1
19045,1
19044,3
18453,3
18380,3
18370,1
18291,1
18068,1
18055,1
17920,1
17820,1
17749,1
17688,1
17684,1
17477,1
17162,2
1909,10
1910,10
1905,5
1868,5
1821,5
1790,5
1842,5
1858,5
12540,1
12760,1
14207,1
10745,1
10085,1
9780,1
39341,2
39308,2
555,4
558,4
567,4
569,4
566,4
551,4
541,4
599,4
613,5
623,5
655,5
707,6
878,5
988,6
1186,6
24985,1
25031,1
25050,1
25304,1
25324,1
25332,1
16078,2
15614,3
15593,3
75568,3
15081,3
75559,3
14734,2
14587,2
13959,2
4744,4
4819,4
5207,4
5458,4
5459,1
4456,2
28565,4
28585,4
28583,4
28577,3
28587,3
28624,3
28649,3
28680,1
28676,1
28665,1
28691,1
28581,1
28052,2
75810,2
26846,2
26781,2
26733,4
64371,2
75651,1
15187,1
15360,1
15382,1
17750,1
75658,1
17652,1
35322,4
35685,4
36030,4
36229,4
75981,4
65165,1
31193,2
31517,2
31656,2
31667,2
38642,1
38641,1
38524,1
38803,1
38937,1
29673,6
75632,2
52591,1
52699,1
52863,1
52746,1
53680,1
53777,1
53779,2
53342,1
53571,1
53672,1
53769,1
24738,1
28131,5
28108,5
27429,4
5859,1
6885,1
7236,3
33481,3
32840,3
32709,4
32431,4
31807,4
31437,4
31406,6
75882,6
40008,1
35317,1
35262,1
35293,1
35314,1
35459,1
35809,1
34726,1
34709,1
34684,1
34722,1
24806,2
24823,2
24824,2
21372,3
12349,2
12565,2
17073,1
17649,1
17917,1
17932,1
28538,1
17001,1
17159,1
4320,4
4319,4
4315,4
4310,4
8880,2
75414,3
75416,1
1290,1
1285,1
1235,1
76152,2
1229,2
1259,2
1269,2
1253,1
75415,1
32669,1
32674,1
32675,1
32230,1
31596,1
31582,1
31569,1
31544,1
31499,1
31014,1
30470,1
30452,1
30434,1
34238,1
75969,4
29687,1
28978,1
26595,1
24762,2
24704,2
24522,2
24404,4
23741,6
24006,1
23998,2
23867,3
23932,2
24454,1
24690,1
2349,1
2281,1
2194,1
1979,5
2784,1
2853,1
2869,1
2882,1
2975,1
3010,1
4483,1
5873,1
7054,1
7074,1
7096,1
12298,3
12299,2
12292,2
12273,2
12176,2
10717,3
10700,3
10674,5
4272,2
4283,2
4284,2
4173,2
4209,2
4362,2
4544,2
6253,2
11846,6
11970,6
12060,6
12062,6
12115,6
12148,3
12211,2
76170,2
8801,1
8262,1
8191,1
8071,1
9165,1
9258,2
9510,6
9729,4
9819,4
10174,6
29159,1
29111,1
29166,1
29207,1
29218,1
29629,1
29912,1
29965,1
29988,1
30036,1
29926,1
29981,1
30034,1
30090,1
30127,1
30169,1
30209,1
30479,1
30501,1
30879,1
28109,1
28011,1
27795,1
27781,1
27729,1
27701,1
27700,1
27597,1
19554,1
19896,1
19951,1
20075,1
20074,1
27043,1
27124,2
28684,1
29072,1
75836,1
12152,5
19761,1
75702,1
19810,1
19816,1
75709,1
20005,1
75711,1
20138,1
20163,1
20164,1
75712,1
20021,1
75710,1
19836,1
19827,1
75705,1
25495,4
25483,4
32789,4
32765,4
26270,1
26078,3
28834,3
28290,3
28272,3
28054,3
22900,3
31815,2
31447,2
24788,1
24790,1
23552,1
2458,1
2280,1
2166,1
2358,1
2311,1
2198,1
1894,1
1777,1
1752,1
1631,1
9927,2
10177,2
10208,2
16840,2
16868,2
16869,2
24102,4
24197,6
75751,4
25,1
26106,2
26557,1
28568,1
28955,1
29227,1
5635,1
34122,2
34041,2
34047,2
9035,1
9149,2
9166,1
21678,3
20972,3
20958,2
32657,6
54359,1
8492,1
8573,1
23991,2
24040,2
24095,2
25898,2
20382,7
16202,3
16247,3
16270,3
16310,2
16322,2
16332,2
16334,4
16313,2
16282,1
55139,1
55140,1
24175,1
24092,1
75748,1
23846,1
23805,3
75741,3
23616,3
23611,3
20959,1
7762,6
7673,5
7650,5
7241,5
7471,9
7726,9
7760,9
75466,9
8556,8
8557,8
34126,3
34143,3
31541,1
31425,1
31323,1
31262,1
34327,2
34208,3
34287,3
34612,6
36352,6
38715,6
40313,6
42017,6
33148,1
2885,1
47326,2
32233,2
32189,2
32146,2
32121,2
5687,2
5686,1
26065,5
26105,2
26164,2
26203,2
26151,2
26120,2
26079,3
9973,2
9966,2
9871,2
9852,2
9839,2
18592,1
18369,1
18266,1
17716,1
17324,1
16898,1
16810,1
16706,1
16686,1
17040,1
17148,1
17203,1
17223,1
17251,1
17818,1
17885,1
17899,1
17940,1
18016,1
75683,1
18285,1
18684,1
18807,1
18837,1
18930,1
19254,2
19270,2
18379,2
18433,2
18783,2
19461,2
19486,2
10140,2
810,3
818,2
894,6
895,6
1016,4
1432,2
1901,2
1902,1
1906,1
1907,1
1798,1
28031,2
75717,3
21046,3
21021,3
22435,2
33037,3
32936,3
32905,3
32781,4
32896,3
75430,3
47670,1
47182,1
47085,1
46997,1
46667,1
46616,1
46568,1
46575,1
34538,1
34478,1
34371,1
34406,1
34411,1
34386,1
34075,2
33863,3
33852,3
33817,3
33395,5
33372,2
33374,2
33587,2
32975,3
32951,3
32945,3
32944,3
32786,3
32296,3
32194,3
32152,3
32049,3
32019,3
31977,3
31669,5
31502,5
31236,5
31136,5
31076,5
14698,1
32027,8
32020,8
31964,8
36131,2
36154,2
36155,2
36129,2
35565,2
35920,2
35948,2
35988,2
75980,2
36084,2
36310,2
36431,2
36649,2
37394,2
37753,2
38121,2
38512,2
25509,3
34606,9
34607,9
2192,5
8037,1
8019,1
7990,1
8078,1
8129,1
24510,1
24537,1
24538,1
24340,1
24057,1
23566,1
29911,2
30148,2
30406,2
30795,2
3127,6
4437,6
30111,3
30278,3
30580,3
30607,3
30606,3
22724,3
22595,3
41603,1
42018,1
42353,1
42455,1
42913,1
42912,1
42615,1
42266,1
41382,1
40529,1
627,2
597,2
581,2
578,2
4816,4
34625,11
20798,1
20799,1
20795,1
20679,1
20454,1
20386,1
20276,1
20457,1
28388,2
28415,1
28781,2
29358,1
29175,1
24555,1
31286,1
31080,1
42436,1
46794,1
47107,1
47138,1
47393,1
47464,1
75378,2
75309,2
75278,2
19617,3
19732,2
19777,2
19778,2
19752,2
16700,2
11173,3
11125,3
11005,3
10588,3
2104,4
33811,6
33806,5
34670,2
34671,2
34673,2
34672,2
34653,2
29350,1
29376,1
29573,1
8505,2
26792,3
4436,1
4039,1
4024,1
4005,1
3973,2
3800,1
3802,1
21566,1
21502,1
19880,1
19758,1
19701,1
19596,1
19522,1
19373,1
19297,1
19396,1
44420,1
32122,1
32192,1
34593,1
25017,2
33127,1
33134,1
33509,1
33542,5
40516,5
40593,5
40592,5
36165,5
33641,5
26896,1
33790,2
33789,2
33812,2
33871,2
9281,2
20123,2
21307,2
9547,4
9475,4
9503,3
9577,3
37484,2
39294,2
39548,2
41302,2
42024,2
42277,2
42598,2
42923,2
5305,4
75060,1
75073,1
28807,1
28749,1
28880,1
28100,1
26930,1
26924,3
26696,3
26643,1
18931,1
18767,1
18745,1
18937,1
18968,1
18969,1
19058,1
19547,1
6001,3
6004,3
6006,3
31266,2
31112,1
26685,1
26739,1
26844,1
27180,2
26772,1
26782,1
26783,1
26103,1
43430,4
43431,4
43572,4
43734,4
43723,4
43698,4
43681,4
43629,4
43576,4
76008,4
43566,4
43697,4
44002,4
45556,4
45932,4
46060,4
46227,4
46322,4
46437,4
48849,4
17486,4
17778,4
17779,4
17947,4
18110,4
18121,4
18120,2
18109,2
36227,1
5321,4
5401,4
5585,3
75448,3
18167,2
18197,2
18198,2
14504,2
29891,1
30117,1
30163,1
30183,1
75853,1
30554,1
13972,1
16150,1
16055,1
15983,1
16005,1
16281,1
16245,1
16248,1
29306,2
24796,1
16377,1
16379,1
16391,1
16396,1
16614,1
16722,1
16796,1
16854,1
16855,1
16846,1
45052,1
27292,2
27280,2
27289,2
27303,2
27313,2
28063,2
24403,2
23280,1
27374,1
27445,1
27659,1
27894,1
31730,4
44241,1
76010,1
43700,1
42981,1
42476,1
13392,2
13228,2
13066,2
12843,2
6318,1
6025,1
18891,1
18917,1
18947,1
19464,1
20503,1
26250,1
26450,1
26453,1
26549,1
26559,1
26716,1
26965,1
27093,1
27972,5
27987,2
27583,1
28270,1
28288,1
22389,2
22554,2
22663,4
22764,4
22842,4
22944,4
23053,4
23138,4
23209,4
23267,4
23312,4
23379,4
23465,4
23813,4
23590,2
75740,2
23777,2
23820,2
75745,2
23980,2
12416,2
11366,2
11337,2
11335,4
28648,2
34336,4
34469,4
34484,4
34500,4
34499,3
34451,3
34305,3
34116,3
16740,1
16765,1
8375,1
8419,1
30514,1
30911,1
31187,1
31228,1
31004,1
9834,1
9814,1
9778,1
9717,1
9705,1
9494,1
3695,2
3395,2
33177,1
33287,1
33310,1
33309,1
33258,1
33469,1
15709,4
9328,4
39709,1
39750,1
39751,1
38523,1
38404,1
38109,1
37738,2
31663,1
31618,1
31880,1
32012,1
32332,1
32483,1
32510,1
32538,1
32539,1
32527,1
32505,1
32502,1
33094,1
33105,1
33220,1
49015,5
76035,5
71603,1
71522,1
71460,1
71101,1
71093,1
39636,2
47325,1
33713,5
30283,2
30270,1
30105,1
30227,1
30302,1
30446,1
30445,2
30387,2
30377,2
30362,3
30320,2
30495,1
30494,1
30467,1
30418,1
30380,1
30346,1
30299,1
30259,1
30231,1
30186,1
30153,1
30131,1
30097,1
29957,1
29550,1
29069,1
29021,1
28966,1
28944,1
23045,2
26165,2
26498,2
26515,2
26525,2
26600,2
26611,2
26619,3
26732,2
75800,2
11214,3
10949,3
10771,3
10746,3
10776,3
10834,3
10862,3
10938,3
11117,3
14168,3
14218,3
14253,3
14292,3
10368,3
10281,3
10214,3
10201,3
10195,3
30961,3
18144,4
18134,3
18159,4
18676,3
18836,3
18876,3
19331,3
31393,2
31376,2
31329,2
12339,1
12316,1
12261,1
12244,1
12239,1
12166,1
12173,1
32839,1
32712,1
41102,1
44151,1
46950,1
47072,1
7960,1
28598,2
24220,1
30449,1
26925,2
24943,2
24843,2
36109,1
75693,1
56765,1
56594,1
56569,1
56530,1
56169,1
55808,1
55457,1
54608,1
53322,1
52759,1
52491,1
52342,1
5434,1
33644,2
33584,2
33553,2
33369,3
33323,3
75926,3
32796,3
32784,3
30403,4
32086,3
4507,3
33676,2
33732,2
33776,2
33820,2
33835,2
33874,2
33951,2
34086,1
34096,1
34098,1
33659,1
33653,1
33651,1
33616,1
33608,1
27010,1
14495,2
14036,2
13816,2
13757,2
13667,2
13661,2
13659,2
13655,2
13648,2
37781,1
37782,1
37747,2
37145,2
36614,2
36497,2
36230,2
35975,2
35482,2
36436,1
36339,1
36222,1
36119,1
35968,1
35860,1
35681,1
33230,2
33171,2
32987,2
32863,2
32553,2
33279,1
33257,1
10599,5
11065,5
11188,5
11910,5
12255,5
12271,5
31392,4
13145,1
13234,1
13318,1
18376,1
18407,2
26620,1
26613,1
26809,1
27802,1
28438,1
10158,1
10235,1
10430,1
9581,1
18545,1
19257,1
19258,1
17915,2
17821,2
17832,2
17836,2
16462,1
16232,1
16132,1
16121,1
16119,1
16444,1
16504,1
16517,1
16565,1
16821,1
16933,1
75643,1
18452,2
18402,2
18381,2
18334,2
17995,2
17982,2
16547,1
16524,1
16460,1
16143,1
16328,1
16472,1
755,2
756,2
1011,2
1433,2
10058,2
10059,2
10251,1
10308,1
10580,1
12272,5
3803,1
4015,1
4026,1
23773,1
23625,1
21576,1
20116,1
40088,5
40086,5
40085,5
40082,5
40081,5
40488,3
40598,3
40800,3
41289,3
41864,3
41886,3
42325,3
42380,3
42381,3
42358,3
42355,3
9327,2
14846,2
15836,2
15882,2
15922,2
37006,2
37150,2
37243,2
37790,2
38966,2
39344,2
39345,2
39420,2
39721,2
40078,2
15849,1
75794,1
26635,1
26650,1
27042,1
58278,1
58242,1
58171,1
58154,1
58105,1
58340,1
58372,1
58374,1
76230,1
58953,1
59213,1
59974,1
60746,1
60791,1
60827,1
12369,3
32481,1
32479,1
31811,1
15613,1
53684,1
53612,1
53430,1
51914,1
24301,3
22717,3
22651,3
22526,3
22174,3
21975,3
46975,6
18133,1
18160,1
18111,1
50702,2
15930,1
15931,1
15697,1
34103,1
10725,1
10907,1
10993,1
11039,1
62984,1
62983,1
62785,1
62311,1
62189,1
62104,1
61952,1
61856,1
61776,1
61695,1
61594,1
61459,1
61392,1
61300,1
61231,1
61165,1
60959,1
60891,1
60835,1
60780,1
60703,1
60657,1
60586,1
60543,1
60473,1
60425,1
60357,1
60297,1
60180,1
60090,1
60040,1
59996,1
59925,1
59863,1
59779,1
59715,1
59663,1
59600,1
59541,1
59473,1
59399,1
59338,1
59300,1
59236,1
59185,1
59125,1
59012,1
25102,1
25449,1
25628,2
25743,2
25923,2
26238,2
31069,1
30854,1
30696,1
6962,2
6650,4
6808,4
7186,4
716,2
674,2
34748,1
34823,1
34948,1
13773,2
13624,2
75545,2
13565,2
31522,1
32849,1
13842,1
65444,1
76098,1
64571,1
12898,1
13090,1
13281,1
13386,1
13488,1
25487,1
25407,1
25249,1
24393,1
24068,1
23684,1
879,1
7109,1
7092,1
7031,1
7002,1
6974,1
7342,1
7352,1
7672,1
5877,3
75451,3
6941,1
9995,1
34254,2
34283,1
33913,1
33758,1
41611,2
40251,2
38900,2
36481,1
38933,1
39222,1
40302,1
41650,1
22918,1
22558,1
2916,1
2738,1
2701,1
2713,1
2735,1
3343,1
4282,1
4344,1
47530,1
47643,1
47644,1
47512,1
47378,1
45072,1
45706,1
12275,1
29558,1
29540,1
28976,1
26351,2
26259,2
26185,2
26096,2
26031,2
25920,2
25782,2
25578,2
25452,2
25335,2
25247,2
25157,2
25034,2
24959,2
24870,2
24457,2
75746,2
23928,2
22555,2
22416,2
22298,2
9588,2
9103,1
9204,1
35764,1
35776,1
35775,1
30123,1
30462,1
30463,1
30359,1
11781,1
75513,1
11750,1
11733,1
30152,1
5181,1
5074,1
5536,1
5623,1
5727,1
45141,1
56212,1
56931,1
57077,1
57174,1
57531,1
57535,1
58200,1
58213,1
58323,1
58389,1
58481,1
58651,1
76107,1
66351,1
45595,1
44474,1
43887,1
43845,1
43651,1
43385,1
43261,1
42949,1
42884,1
25687,1
25686,1
25608,1
25472,2
25321,1
33097,1
32444,1
32406,1
32407,1
31170,1
31139,1
31712,1
31717,1
31758,2
31797,2
31798,2
5803,2
28541,1
28601,1
28945,1
34090,1
33918,1
33929,1
33935,1
34038,1
34596,1
34691,1
34897,1
35126,1
35204,1
3111,2
28817,2
75422,2
2353,2
75453,2
6396,2
47796,1
47485,1
47444,1
17495,2
17504,2
17541,2
17542,2
17509,2
17460,2
17431,1
23300,1
23488,1
23868,1
23811,5
30263,2
31489,1
28595,1
28672,1
28818,1
30075,1
30776,1
30821,1
27382,1
27504,1
27557,1
27599,1
32850,1
62654,1
62655,1
61931,1
61782,1
61494,1
61244,1
61028,1
60334,1
23133,2
656,1
649,1
75935,1
32708,2
31003,1
30744,1
33512,2
33855,2
33868,1
26013,3
26683,1
26776,1
75802,1
26945,1
27736,1
27905,1
28047,1
28392,1
28420,1
29030,1
29819,1
29902,1
30179,1
32365,1
32335,1
32277,1
31834,1
9020,1
8725,1
8426,1
8384,1
8374,1
8123,1
8080,1
8033,1
7986,1
7832,1
7820,1
75463,1
7383,1
25688,1
25663,1
25604,1
25548,1
25510,1
25038,1
24514,1
23276,1
21527,1
21308,1
29816,1
29817,1
29631,1
29453,1
29454,1
29449,1
29381,1
29297,1
29285,1
29229,1
29057,1
29036,1
69073,1
28123,1
29864,1
29865,1
17432,1
16584,1
16283,1
27684,2
27735,2
23081,2
29657,1
29703,1
29731,1
29808,1
21635,1
21551,1
21569,1
21602,1
21723,1
21775,1
12449,1
12569,1
33403,2
32718,1
75912,1
16314,1
16382,1
24153,1
24387,1
24399,1
24684,1
30788,2
32737,2
18821,1
26702,1
26812,1
29349,1
26831,1
26715,1
26437,1
26243,1
25937,1
25751,1
25640,1
25465,1
25303,1
24977,1
24893,1
24853,1
24767,1
24776,1
24775,1
24077,1
33039,1
75921,1
32938,1
32927,1
75469,1
75484,1
9171,1
30972,1
30882,1
30026,1
76121,1
68077,1
68104,1
68122,1
68106,1
68055,1
68020,1
67986,1
67858,1
33124,1
33123,1
57224,1
26247,1
73968,1
